hour,total_revenue,avg_transaction_value,number_of_transactions
9,3828.00,3.000000,1276
10,3726.00,3.000000,1242
8,3711.00,3.000000,1237
7,2751.00,3.000000,917
12,2274.00,3.000000,758
16,2199.00,3.000000,733
11,2121.00,3.000000,707
17,2073.00,3.000000,691
14,2043.00,3.000000,681
13,1962.00,3.000000,654
18,1821.00,3.000000,607
15,1800.00,3.000000,600
19,1602.00,3.000000,534
6,897.00,3.000000,299
20,174.00,3.000000,58
